{
  "project_info": {
    "project_number": "362920450834",
    "firebase_url": "https://superette-7c2e1.firebaseio.com",
    "project_id": "superette-7c2e1",
    "storage_bucket": "superette-7c2e1.appspot.com"
  },
  "client": [
    {
      "client_info": {
        "mobilesdk_app_id": "1:362920450834:android:28ab8812fb8e4c33de71cb",
        "android_client_info": {
          "package_name": "com.damso.superette"
        }
      },
      "oauth_client": [
        {
          "client_id": "362920450834-274l1pm7gtg6u6ig7njo98qlekavldbj.apps.googleusercontent.com",
          "client_type": 1,
          "android_info": {
            "package_name": "com.damso.superette",
            "certificate_hash": "2e1208b58b72ead130078d006c955ee08baa97e8"
          }
        },
        {
          "client_id": "362920450834-agdd4gdhvl14pqf37nt0c6cfgt0r11b5.apps.googleusercontent.com",
          "client_type": 3
        }
      ],
      "api_key": [
        {
          "current_key": "AIzaSyD8_M3lvRxD1CzD5PvdXz8ehg0_dBCMMdk"
        }
      ],
      "services": {
        "appinvite_service": {
          "other_platform_oauth_client": [
            {
              "client_id": "362920450834-agdd4gdhvl14pqf37nt0c6cfgt0r11b5.apps.googleusercontent.com",
              "client_type": 3
            }
          ]
        }
      }
    }
  ],
  "configuration_version": "1"
}